,date,open,close,high,low,volume
0,2010-01-04, 
1,2010-01-05, 
2,2010-01-06, 
3,2010-01-07, 
4,2010-01-08, 
5,2010-01-11, 
6,2010-01-12, 
7,2010-01-13,
8,2010-01-14, 
9,2010-01-15, 
10,2010-01-18, 
11,2010-01-19, 
12,2010-01-20, 
13,2010-01-21, 
14,2010-01-22, 
15,2010-01-25, 
16,2010-01-26, 
17,2010-01-27, 
18,2010-01-28, 
19,2010-01-29, 
20,2010-02-01, 
21,2010-02-02, 
22,2010-02-04, 
23,2010-02-05, 
24,2015-02-06, 
25,2015-02-09, 
26,2015-02-10, 
27,2015-02-11, 
28,2015-02-12, 
29,2015-02-13, 
30,2015-02-16, 
31,2010-02-24,
32,2010-02-25,
33,2010-02-26, 
34,2010-03-01, 
35,2010-03-03, 
36,2010-03-04, 
37,2010-03-05, 
38,2010-03-08, 
39,2010-03-09, 
40,2010-03-10, 
41,2010-03-11, 
42,2010-03-12, 
43,2010-03-15, 
44,2010-03-16, 
45,2010-03-17, 
46,2010-03-18, 
47,2010-03-19, 
48,2010-03-22, 
49,2010-03-23, 
50,2010-03-24, 
51,2010-03-25, 
52,2010-03-26, 
53,2010-03-29, 
54,2010-03-30, 
55,2010-03-31,
56,2010-04-01, 
57,2010-04-02, 
58,2010-04-06, 
59,2010-04-07, 
60,2010-04-08, 
61,2010-04-09, 
62,2010-04-12,  
64,2010-04-14, 
63,2010-04-13,
65,2010-04-15, 
66,2010-04-16, 
67,2010-04-19, 
68,2010-04-20, 
69,2010-04-21, 
70,2010-04-22, 
71,2010-04-23,6.097,6.123,6.203,6.062,28699.86,002233
72,2010-04-26,6.123,6.066,6.15,6.044,21329.6,002233
73,2010-04-27,6.071,5.824,6.071,5.714,29479.53,002233
74,2010-04-28,5.727,5.873,5.93,5.705,15719.33,002233
75,2010-04-29,5.917,5.789,5.943,5.785,19161.47,002233
76,2010-04-30,5.798,5.622,5.851,5.543,19710.67,002233
77,2010-05-04,5.534,5.49,5.657,5.477,12577.75,002233
78,2010-05-05,5.485,5.56,5.587,5.384,26012.71,002233
79,2010-05-06,5.565,5.244,5.573,5.23,24506.55,002233
80,2010-05-07,5.191,5.002,5.191,4.997,26884.11,002233
81,2010-05-10,5.081,5.054,5.266,5.041,92992.42,002233
82,2010-05-11,5.178,5.09,5.186,5.037,39173.22,002233
83,2010-05-12,5.019,4.988,5.059,4.865,27094.65,002233
84,2010-05-13,4.993,5.164,5.173,4.931,33275.24,002233
85,2010-05-14,5.098,5.072,5.169,5.01,30704.61,002233
86,2010-05-17,4.993,4.566,4.993,4.566,29509.59,002233
87,2010-05-18,4.575,4.667,4.711,4.412,28329.03,002233
88,2010-05-19,4.571,4.597,4.689,4.531,18766.53,002233
89,2010-05-20,4.549,4.83,5.041,4.531,87173.49,002233
90,2010-05-21,4.645,4.94,5.002,4.593,48613.65,002233
91,2010-05-24,4.962,5.12,5.208,4.962,53574.91,002233
92,2010-05-25,5.059,5.006,5.094,4.949,33835.82,002233
93,2010-05-26,5.006,4.953,5.059,4.914,20615.71,002233
94,2010-05-27,4.949,5.01,5.024,4.843,23023.0,002233
95,2010-05-28,5.063,5.085,5.156,5.024,39179.22,002233
96,2010-05-31,5.054,4.962,5.213,4.962,46195.81,002233
97,2010-06-01,4.905,4.76,4.918,4.636,31120.97,002233
98,2010-06-02,4.663,4.812,4.821,4.654,14260.66,002233
99,2010-06-04,4.702,4.768,4.786,4.641,18601.74,002233
100,2010-06-07,4.672,4.672,4.738,4.645,14902.87,002233
101,2010-06-08,4.672,4.751,4.768,4.654,19818.75,002233
102,2010-06-09,4.751,4.927,4.953,4.751,31722.0,002233
103,2010-06-10,4.918,5.081,5.081,4.861,47514.14,002233
104,2010-06-11,5.05,4.997,5.103,4.962,36002.99,002233
105,2010-06-17,5.015,5.336,5.441,4.993,93445.42,002233
106,2010-06-18,5.301,5.138,5.305,5.103,51886.98,002233
107,2010-06-21,5.103,5.2,5.23,5.103,47361.56,002233
108,2010-06-22,5.217,5.283,5.428,5.213,64865.9,002233
109,2010-06-23,5.235,5.116,5.38,5.081,63706.92,002233
110,2010-06-24,5.059,5.195,5.235,5.05,34174.31,002233
111,2010-06-25,5.156,5.05,5.169,4.997,23873.03,002233
112,2010-06-28,5.015,4.944,5.147,4.927,24325.94,002233
113,2010-06-29,5.059,4.632,5.059,4.619,31592.78,002233
114,2010-06-30,4.601,4.483,4.601,4.439,17801.78,002233
115,2010-07-01,4.483,4.447,4.553,4.412,16301.79,002233
116,2010-07-02,4.447,4.408,4.522,4.227,21362.64,002233
117,2010-07-05,4.421,4.531,4.593,4.311,24298.18,002233
118,2010-07-06,4.509,4.579,4.619,4.491,23386.27,002233
119,2010-07-07,4.575,4.61,4.663,4.54,18167.21,002233
120,2010-07-08,4.61,4.535,4.65,4.518,20191.95,002233
121,2010-07-09,4.557,4.694,4.751,4.469,43795.82,002233
122,2010-07-12,4.672,4.764,4.839,4.636,34507.0,002233
123,2010-07-13,4.746,4.623,4.746,4.601,27599.48,002233
124,2010-07-14,4.636,4.72,4.742,4.636,33609.98,002233
125,2010-07-15,4.698,4.601,4.751,4.597,19300.48,002233
126,2010-07-16,4.588,4.601,4.641,4.496,19160.02,002233
127,2010-07-19,4.557,4.707,4.729,4.531,20321.71,002233
128,2010-07-20,4.72,4.944,4.993,4.72,57407.81,002233
129,2010-07-21,4.944,4.936,4.988,4.905,51216.72,002233
130,2010-07-22,4.931,4.962,5.002,4.87,31960.05,002233
131,2010-07-23,4.949,5.072,5.098,4.905,46226.23,002233
132,2010-07-26,5.041,5.081,5.169,4.966,47981.22,002233
133,2010-07-27,5.041,5.032,5.094,5.006,31753.78,002233
134,2010-07-28,5.032,5.252,5.279,4.971,88067.91,002233
135,2010-07-29,5.235,5.266,5.411,5.173,98688.53,002233
136,2010-07-30,5.257,5.195,5.257,5.125,41903.44,002233
137,2010-08-02,5.204,5.393,5.411,5.169,69800.63,002233
138,2010-08-03,5.402,5.244,5.424,5.244,50961.23,002233
139,2010-08-04,5.195,5.252,5.252,5.12,33959.5,002233
140,2010-08-05,5.252,5.336,5.367,5.204,53701.59,002233
141,2010-08-06,5.288,5.406,5.424,5.235,48585.96,002233
142,2010-08-09,5.415,5.472,5.569,5.402,64489.0,002233
143,2010-08-10,5.503,5.283,5.534,5.279,54140.72,002233
144,2010-08-11,5.279,5.27,5.332,5.222,32586.33,002233
145,2010-08-12,5.217,5.151,5.305,5.138,27897.38,002233
146,2010-08-13,5.156,5.283,5.301,5.112,39175.84,002233
147,2010-08-16,5.362,5.675,5.807,5.362,151151.82,002233
148,2010-08-17,5.705,5.71,5.763,5.578,111173.57,002233
149,2010-08-18,5.675,5.767,5.785,5.631,90897.58,002233
150,2010-08-19,5.767,5.683,5.785,5.631,66009.55,002233
151,2010-08-20,5.679,5.631,5.745,5.631,53158.93,002233
152,2010-08-23,5.631,5.723,5.793,5.631,69031.2,002233
153,2010-08-24,5.767,5.859,5.912,5.679,94650.22,002233
154,2010-08-25,5.82,5.719,5.833,5.609,72548.52,002233
155,2010-08-26,5.631,5.675,5.683,5.578,42827.0,002233
156,2010-08-27,5.688,5.908,6.005,5.591,97119.0,002233
157,2010-08-30,5.947,6.123,6.123,5.921,98853.0,002233
158,2010-08-31,6.031,6.062,6.154,6.027,51384.0,002233
159,2010-09-01,6.031,5.829,6.097,5.767,48324.0,002233
160,2010-09-03,5.947,5.873,6.009,5.811,49138.0,002233
161,2010-09-06,5.969,5.956,6.0,5.785,43282.0,002233
162,2010-09-07,5.877,6.348,6.387,5.877,142431.0,002233
163,2010-09-08,6.268,6.414,6.453,6.229,108920.0,002233
164,2010-09-09,6.378,6.339,6.524,6.264,93906.0,002233
165,2010-09-10,6.343,6.502,6.642,6.295,74052.0,002233
166,2010-09-13,6.55,6.585,6.594,6.449,52690.0,002233
167,2010-09-14,6.576,6.55,6.638,6.51,43310.0,002233
168,2010-09-15,6.572,6.29,6.598,6.277,35311.0,002233
169,2010-09-16,6.273,5.899,6.37,5.815,61019.0,002233
170,2010-09-17,5.895,5.917,5.996,5.864,29992.0,002233
171,2010-09-20,5.947,5.952,6.009,5.873,22924.0,002233
172,2010-09-21,5.952,6.097,6.097,5.921,21654.0,002233
173,2010-09-27,6.11,6.167,6.194,6.009,22998.0,002233
174,2010-09-28,6.145,6.097,6.22,6.071,19164.0,002233
175,2010-09-29,6.093,5.859,6.137,5.837,33074.0,002233
176,2010-09-30,5.829,5.881,5.917,5.798,15617.0,002233
177,2010-10-08,5.939,6.044,6.097,5.886,22847.0,002233
178,2010-10-11,6.066,6.216,6.264,5.983,54712.0,002233
179,2010-10-12,6.154,6.088,6.185,6.057,38720.0,002233
180,2010-10-13,6.554,6.334,6.695,6.295,106132.0,002233
181,2010-10-14,6.317,5.956,6.317,5.952,82594.0,002233
182,2010-10-15,5.921,5.793,5.93,5.714,111182.0,002233
183,2010-10-18,5.789,5.732,5.859,5.631,49298.0,002233
184,2010-10-19,5.683,5.93,5.934,5.683,35283.0,002233
185,2010-10-20,5.789,5.881,6.0,5.758,51912.0,002233
186,2010-10-21,5.868,5.969,6.022,5.868,43263.0,002233
187,2010-10-22,5.974,6.035,6.093,5.965,56351.0,002233
188,2010-10-25,6.04,6.22,6.233,5.974,80348.0,002233
189,2010-10-26,6.246,6.339,6.348,6.159,80713.0,002233
190,2010-10-27,6.339,6.145,6.343,6.141,58828.0,002233
191,2010-10-28,6.106,6.238,6.312,6.093,42015.0,002233
192,2010-10-29,6.242,6.339,6.365,6.203,50238.0,002233
193,2010-11-01,6.352,6.396,6.405,6.268,80717.0,002233
194,2010-11-02,6.422,6.286,6.458,6.286,82708.0,002233
195,2010-11-03,6.308,6.163,6.4,6.123,65312.0,002233
196,2010-11-04,6.137,6.229,6.233,6.128,35843.0,002233
197,2010-11-05,6.317,6.304,6.37,6.224,43779.0,002233
198,2010-11-08,6.33,6.515,6.572,6.282,82411.0,002233
199,2010-11-09,6.51,6.572,6.634,6.444,83341.0,002233
200,2010-11-10,6.546,6.678,6.757,6.546,101991.0,002233
201,2010-11-11,6.81,6.594,6.84,6.594,92007.0,002233
202,2010-11-12,6.532,6.198,6.59,6.163,89611.0,002233
203,2010-11-15,6.185,6.466,6.488,6.176,48015.0,002233
204,2010-11-16,6.409,6.418,6.73,6.308,74399.0,002233
205,2010-11-17,6.308,6.062,6.37,6.057,44853.0,002233
206,2010-11-18,6.049,6.154,6.194,6.049,21595.0,002233
207,2010-11-19,6.22,6.348,6.348,6.062,29110.0,002233
208,2010-11-22,6.282,6.554,6.576,6.224,63017.0,002233
209,2010-11-23,6.493,6.365,6.528,6.238,38466.0,002233
210,2010-11-24,6.326,6.532,6.554,6.317,42178.0,002233
211,2010-11-25,6.563,6.722,6.818,6.554,128100.0,002233
212,2010-11-26,6.686,6.788,6.858,6.598,111835.0,002233
213,2010-11-29,6.818,6.818,6.898,6.735,84814.0,002233
214,2010-11-30,6.911,7.135,7.28,6.836,204600.0,002233
215,2010-12-01,7.091,6.924,7.117,6.836,104019.0,002233
216,2010-12-02,6.981,7.047,7.139,6.796,103432.0,002233
217,2010-12-03,7.06,6.854,7.073,6.827,49956.0,002233
218,2010-12-06,6.854,6.84,7.034,6.818,55616.0,002233
219,2010-12-07,6.836,6.95,7.029,6.607,55287.0,002233
220,2010-12-08,6.986,6.884,7.104,6.862,50961.0,002233
221,2010-12-09,6.823,6.629,6.876,6.629,43524.0,002233
222,2010-12-10,6.598,6.827,6.854,6.576,40098.0,002233
223,2010-12-13,6.928,7.126,7.395,6.898,116300.0,002233
224,2010-12-14,7.17,7.645,7.698,7.113,155536.0,002233
225,2010-12-15,7.566,7.487,7.716,7.434,126946.0,002233
226,2010-12-16,7.456,7.364,7.601,7.342,55416.0,002233
227,2010-12-17,7.342,7.417,7.522,7.285,46780.0,002233
228,2010-12-20,7.417,7.227,7.54,6.95,53936.0,002233
229,2010-12-21,7.249,7.39,7.456,7.161,52316.0,002233
230,2010-12-22,7.412,7.271,7.478,7.258,51127.0,002233
231,2010-12-23,7.214,7.008,7.276,6.99,43380.0,002233
232,2010-12-24,7.021,6.862,7.073,6.862,30823.0,002233
233,2010-12-27,6.893,6.902,7.263,6.832,46789.0,002233
234,2010-12-28,6.845,6.735,6.862,6.642,32514.0,002233
235,2010-12-29,6.744,6.858,6.862,6.686,25291.0,002233
236,2010-12-30,6.84,6.994,7.051,6.818,27710.0,002233
237,2010-12-31,7.038,7.148,7.179,7.003,35959.0,002233
238,2011-01-04,7.17,7.197,7.28,7.122,40677.0,002233
239,2011-01-05,7.188,7.258,7.373,7.109,56868.0,002233
240,2011-01-06,7.219,7.056,7.276,7.056,30075.0,002233
241,2011-01-07,7.029,6.911,7.122,6.906,35024.0,002233
242,2011-01-10,6.906,6.902,7.029,6.845,25479.0,002233
243,2011-01-11,6.871,6.757,6.95,6.717,27853.0,002233
244,2011-01-13,6.854,6.81,6.906,6.757,17262.0,002233
245,2011-01-14,6.814,6.647,6.814,6.638,17161.0,002233
246,2011-01-17,6.607,6.334,6.713,6.273,24856.0,002233
247,2011-01-18,6.37,6.361,6.444,6.29,13452.0,002233
248,2011-01-19,6.392,6.471,6.497,6.299,17605.0,002233
249,2011-01-20,6.471,6.106,6.48,6.106,21860.0,002233
250,2011-01-21,6.071,5.983,6.22,5.886,28292.0,002233
251,2011-01-24,5.987,5.93,6.137,5.93,19028.0,002233
252,2011-01-25,5.93,5.851,5.996,5.793,19793.0,002233
253,2011-01-26,5.873,6.022,6.044,5.873,16230.0,002233
254,2011-01-27,5.939,6.075,6.137,5.895,28812.0,002233
255,2011-01-28,6.097,6.224,6.268,6.027,30710.0,002233
256,2011-01-31,6.233,6.334,6.356,6.194,24306.0,002233
257,2011-02-01,6.339,6.246,6.361,6.176,22562.0,002233
258,2011-02-09,6.203,6.163,6.29,6.128,20584.0,002233
259,2011-02-10,6.137,6.286,6.286,5.965,44352.0,002233
260,2011-02-11,6.264,6.524,6.532,6.189,57684.0,002233
261,2011-02-14,6.585,7.175,7.175,6.537,178425.0,002233
262,2011-02-15,7.329,7.395,7.698,7.329,251943.0,002233
263,2011-02-16,7.39,7.518,7.588,7.355,152864.0,002233
264,2011-02-17,7.505,7.5,7.588,7.333,114783.0,002233
265,2011-02-18,7.5,7.544,7.821,7.399,172406.0,002233
266,2011-02-21,7.487,7.549,7.632,7.412,96076.0,002233
267,2011-02-22,7.5,7.148,7.513,6.964,121509.0,002233
268,2011-02-23,7.122,7.109,7.179,6.994,43964.0,002233
269,2011-02-24,7.192,7.192,7.395,7.161,60166.0,002233
270,2011-02-25,7.214,7.465,7.474,7.008,105015.0,002233
271,2011-02-28,7.465,7.513,7.606,7.263,102527.0,002233
272,2011-03-01,7.478,7.76,7.817,7.425,137516.0,002233
273,2011-03-02,7.645,7.593,7.703,7.434,77234.0,002233
274,2011-03-03,7.566,7.848,8.019,7.522,165688.0,002233
275,2011-03-04,7.808,7.958,8.032,7.703,105738.0,002233
276,2011-03-07,8.041,7.896,8.354,7.865,164430.0,002233
277,2011-03-08,7.878,7.878,7.896,7.698,75811.0,002233
278,2011-03-09,7.87,7.782,7.971,7.716,66469.0,002233
279,2011-03-10,7.764,7.782,8.024,7.681,84320.0,002233
280,2011-03-11,7.742,7.632,7.848,7.615,58220.0,002233
281,2011-03-14,7.632,8.002,8.015,7.632,116874.0,002233
282,2011-03-15,7.984,8.072,8.12,7.513,130517.0,002233
283,2011-03-16,7.966,7.953,8.068,7.843,52348.0,002233
284,2011-03-17,7.909,7.751,7.953,7.729,39662.0,002233
285,2011-03-18,7.808,8.015,8.09,7.808,76770.0,002233
286,2011-03-21,7.966,8.028,8.248,7.918,76994.0,002233
287,2011-03-22,8.05,8.27,8.314,7.905,136491.0,002233
288,2011-03-23,8.182,8.494,8.6,8.138,179906.0,002233
289,2011-03-24, 
290,2011-03-25, 
291,2011-03-28, 
292,2011-03-29, 
293,2011-03-30, 
294,2011-03-31, 
295,2011-04-01, 
296,2011-04-06, 
297,2011-04-07,
298,2011-04-08, 
299,2011-04-11, 
300,2011-04-12, 
301,2011-04-13,
302,2011-04-14, 
303,2011-04-15, 
304,2011-04-18, 
305,2011-04-19, 
306,2011-04-20, 
307,2011-04-21, 
308,2011-04-22, 
309,2011-04-25, 
310,2011-04-26, 
311,2011-04-27, 
312,2011-04-28, 
313,2011-04-29, 
314,2011-05-03, 
315,2011-05-04, 
316,2011-05-05, 
317,2011-05-06, 
318,2011-05-09, 
319,2011-05-10, 
320,2011-05-11, 
321,2011-05-13, 
322,2011-05-16, 
323,2011-05-17, 
324,2011-05-18, 
325,2011-05-19, 
326,2011-05-20, 
327,2011-05-23, 
328,2011-05-24, 
329,2011-05-25, 
330,2011-05-26, 
331,2011-05-27,
332,2011-05-30, 
333,2011-05-31, 
334,2011-06-01, 
335,2011-06-02, 
336,2011-06-03, 
337,2011-06-07, 
338,2011-06-08, 
339,2011-06-09, 
340,2011-06-10, 
341,2011-06-13, 
342,2011-06-14, 
343,2011-06-15, 
344,2011-06-16, 
345,2011-06-17, 
346,2011-06-20, 
347,2011-06-21, 
348,2011-06-22, 
349,2011-06-23, 
350,2011-06-24, 
351,2011-06-27, 
352,2011-06-28, 
353,2011-06-29, 
354,2011-06-30, 
355,2011-07-01, 
356,2011-07-04, 
357,2011-07-05, 
358,2011-07-06, 
359,2011-07-07, 
360,2011-07-08,11.706,11.98,11.998,11.591,452465.0,002233
361,2011-07-11,11.971,12.201,12.616,11.954,734969.0,002233
362,2011-07-12,12.086,12.546,12.793,11.848,688940.0,002233
363,2011-07-13,12.493,13.252,13.252,12.413,576382.0,002233
364,2011-07-14,13.297,14.569,14.578,13.129,860749.0,002233
365,2011-07-15,14.578,14.516,15.797,14.295,966099.0,002233
366,2011-07-18,14.242,14.489,14.931,13.977,671168.0,002233
367,2011-07-19,14.251,13.756,14.392,13.694,499855.0,002233
368,2011-07-20,13.853,13.88,14.109,13.703,375226.0,002233
369,2011-07-21,13.88,14.048,14.092,13.615,381348.0,002233
370,2011-07-22,14.03,14.719,14.896,13.783,668964.0,002233
371,2011-07-25,14.56,13.694,14.825,13.27,580641.0,002233
372,2011-07-26,13.456,13.438,13.765,13.085,343701.0,002233
373,2011-07-27,13.297,13.482,13.694,13.217,330111.0,002233
374,2011-07-28,13.261,12.625,13.261,12.448,505399.0,002233
375,2011-07-29,12.572,12.554,12.775,12.475,257431.0,002233
376,2011-08-01,12.625,12.687,12.837,12.413,239195.0,002233
377,2011-08-02,12.59,13.005,13.067,12.44,357317.0,002233
378,2011-08-03,12.811,13.35,13.35,12.758,389760.0,002233
379,2011-08-04,13.385,13.703,14.109,13.252,502920.0,002233
380,2011-08-05,13.252,13.367,13.986,12.811,372125.0,002233
381,2011-08-08,13.04,12.431,13.464,12.095,354873.0,002233
382,2011-08-09,12.024,12.625,12.855,11.91,326335.0,002233
383,2011-08-10,12.97,12.873,13.35,12.705,401911.0,002233
384,2011-08-11,12.484,12.811,12.943,12.484,268443.0,002233
385,2011-08-12,12.864,12.643,13.014,12.59,250432.0,002233
386,2011-08-16,12.828,12.961,13.217,12.775,347022.0,002233
387,2011-08-17,12.899,12.713,13.058,12.634,188284.0,002233
388,2011-08-18,12.66,12.024,12.74,11.989,242047.0,002233
389,2011-08-19,11.662,11.512,11.803,11.353,233437.0,002233
390,2011-08-22,11.618,11.415,11.768,11.353,175876.0,002233
391,2011-08-23,11.521,12.06,12.06,11.309,294371.0,002233
392,2011-08-24,11.971,11.742,12.166,11.715,217533.0,002233
393,2011-08-25,11.644,12.192,12.369,11.636,272352.0,002233
394,2011-08-26,12.281,12.095,12.281,11.971,163517.0,002233
395,2011-08-29,11.998,11.662,11.998,11.644,164838.0,002233
396,2011-08-30,11.786,11.318,11.865,11.309,162924.0,002233
397,2011-08-31,11.318,11.803,12.201,11.185,258783.0,002233
398,2011-09-01,11.644,11.477,11.839,11.424,148150.0,002233
399,2011-09-02,11.397,11.53,11.706,11.318,127503.0,002233
400,2011-09-05,11.371,10.77,11.432,10.611,170948.0,002233
401,2011-09-06,10.646,10.726,10.92,10.575,105185.0,002233
402,2011-09-07,10.84,10.929,11.026,10.726,121482.0,002233
403,2011-09-08,10.991,10.602,11.026,10.575,119758.0,002233
404,2011-09-09,10.62,10.408,10.832,10.337,133248.0,002233
405,2011-09-13,10.169,11.212,11.45,10.09,382088.0,002233
406,2011-09-14,10.955,11.15,11.212,10.858,278714.0,002233
407,2011-09-15,11.15,11.167,11.618,11.008,278763.0,002233
408,2011-09-16,11.203,11.256,11.459,11.0,206351.0,002233
409,2011-09-19,11.079,10.947,11.326,10.779,157680.0,002233
410,2011-09-20,11.053,11.547,11.777,11.026,427735.0,002233
411,2011-09-21,11.477,12.077,12.289,11.309,471370.0,002233
412,2011-09-22,11.883,11.618,12.077,11.6,280620.0,002233
413,2011-09-23,11.326,11.742,11.901,11.22,296060.0,002233
414,2011-09-26,11.609,11.512,11.945,11.424,192657.0,002233
415,2011-09-27,11.662,11.362,11.706,11.088,181047.0,002233
416,2011-09-28,11.441,11.185,11.618,11.053,142000.0,002233
417,2011-09-29,11.017,10.39,11.159,10.381,166800.0,002233
418,2011-09-30,10.425,10.204,10.567,9.842,125248.0,002233
419,2011-10-10,10.222,10.275,10.487,10.178,94581.0,002233
420,2011-10-11,10.646,10.522,10.885,10.337,151677.0,002233
421,2011-10-12,10.346,11.123,11.194,10.196,240638.0,002233
422,2011-10-13,11.097,11.353,11.424,10.973,253422.0,002233
423,2011-10-14,11.229,11.176,11.371,11.0,155261.0,002233
424,2011-10-17,11.229,11.282,11.565,11.141,155498.0,002233
425,2011-10-18,11.123,10.558,11.22,10.54,157244.0,002233
426,2011-10-20,10.584,10.187,10.584,9.966,146692.0,002233
427,2011-10-21,10.187,9.948,10.204,9.93,78728.0,002233
428,2011-10-24,10.019,10.178,10.249,9.736,94708.0,002233
429,2011-10-25,10.178,10.434,10.584,9.984,150339.0,002233
430,2011-10-26,10.337,10.77,11.273,10.266,290451.0,002233
431,2011-10-27,10.69,10.708,10.929,10.522,177094.0,002233
432,2011-10-28,10.867,10.885,11.132,10.779,172583.0,002233
433,2011-10-31,10.991,10.858,11.061,10.734,134176.0,002233
434,2011-11-01,10.726,10.734,10.823,10.558,135625.0,002233
435,2011-11-02,10.425,10.726,10.726,10.24,168079.0,002233
436,2011-11-03,10.779,10.911,11.088,10.752,276924.0,002233
437,2011-11-04,10.973,11.114,11.176,10.779,235563.0,002233
438,2011-11-07,11.07,10.787,11.07,10.779,157385.0,002233
439,2011-11-08,10.761,10.549,10.964,10.514,141122.0,002233
440,2011-11-09,10.575,10.69,10.761,10.363,111675.0,002233
441,2011-11-10,10.549,10.425,10.664,10.337,116838.0,002233
442,2011-11-11,10.54,10.461,10.743,10.381,117441.0,002233
443,2011-11-14,10.531,10.664,10.664,10.443,171236.0,002233
444,2011-11-15,10.602,10.584,10.849,10.558,151384.0,002233
445,2011-11-16,10.602,10.151,10.646,10.072,181116.0,002233
446,2011-11-17,10.151,10.045,10.222,9.975,88600.0,002233
447,2011-11-18,9.948,9.718,9.948,9.718,89565.0,002233
448,2011-11-21,9.78,9.886,9.895,9.595,67576.0,002233
449,2011-11-22,9.763,9.763,9.833,9.639,49154.0,002233
450,2011-11-23,9.763,9.559,9.824,9.551,48353.0,002233
451,2011-11-24,9.445,9.25,9.445,9.082,90918.0,002233
452,2011-11-25,9.259,9.294,9.409,9.171,73786.0,002233
453,2011-11-28,9.347,9.206,9.4,9.18,63188.0,002233
454,2011-11-29,9.277,9.347,9.409,9.153,78158.0,002233
455,2011-11-30,9.321,8.641,9.321,8.437,134828.0,002233
456,2011-12-01,8.914,8.826,9.109,8.764,125252.0,002233
457,2011-12-02,8.702,8.959,9.277,8.57,164674.0,002233
458,2011-12-05,8.888,8.676,8.967,8.508,98386.0,002233
459,2011-12-06,8.685,8.808,8.976,8.632,112743.0,002233
460,2011-12-07,8.764,8.623,8.817,8.526,74221.0,002233
461,2011-12-08,8.57,8.57,8.747,8.323,88940.0,002233
462,2011-12-09,8.437,8.296,8.57,8.287,64555.0,002233
463,2011-12-12,8.305,8.031,8.376,7.996,56249.0,002233
464,2011-12-13,8.013,7.686,8.013,7.669,58365.0,002233
465,2011-12-14,7.51,7.51,7.695,7.474,57046.0,002233
466,2011-12-15,7.466,7.492,7.58,7.386,53248.0,002233
467,2011-12-16,7.413,7.598,7.651,7.315,113844.0,002233
468,2011-12-19,7.51,7.448,7.536,7.156,101927.0,002233
469,2011-12-20,7.395,7.686,8.19,7.368,218292.0,002233
470,2011-12-21,7.686,7.377,7.748,7.36,113792.0,002233
471,2011-12-22,7.271,7.183,7.377,6.891,96044.0,002233
472,2011-12-23,7.192,7.898,7.898,7.112,433601.0,002233
473,2011-12-26,7.757,8.181,8.464,7.748,471641.0,002233
474,2011-12-27,7.978,7.916,8.181,7.837,201059.0,002233
475,2011-12-28,7.819,8.217,8.384,7.819,268330.0,002233
476,2011-12-29,8.119,8.181,8.305,8.049,145850.0,002233
477,2011-12-30,8.19,8.305,8.455,8.084,195535.0,002233
478,2012-01-04,8.349,7.96,8.402,7.96,136113.0,002233
479,2012-01-05,7.775,7.395,8.031,7.28,133229.0,002233
480,2012-01-06,7.307,7.731,7.766,7.307,115316.0,002233
481,2012-01-09,7.686,8.234,8.261,7.58,159621.0,002233
482,2012-01-10,8.234,8.764,8.8,8.155,297987.0,002233
483,2012-01-11,8.729,8.579,8.729,8.464,199714.0,002233
484,2012-01-12,8.526,8.632,8.782,8.49,149471.0,002233
485,2012-01-13,8.57,8.261,8.658,8.225,146574.0,002233
486,2012-01-16,8.199,7.996,8.349,7.987,91960.0,002233
487,2012-01-17,7.996,8.667,8.702,7.907,172179.0,002233
488,2012-01-18,8.702,8.738,9.277,8.508,282920.0,002233
489,2012-01-19,8.614,8.791,8.923,8.552,158117.0,002233
490,2012-01-20,8.835,9.012,9.109,8.773,169153.0,002233
491,2012-01-30,9.02,8.685,9.056,8.658,121186.0,002233
492,2012-01-31,8.658,8.685,8.702,8.508,75030.0,002233
493,2012-02-01,8.579,8.384,8.72,8.376,108569.0,002233
494,2012-02-02,8.446,8.596,8.623,8.323,86976.0,002233
495,2012-02-03,8.57,8.596,8.702,8.402,100200.0,002233
496,2012-02-06,8.632,8.791,8.914,8.605,152378.0,002233
497,2012-02-07,8.755,8.517,8.755,8.464,89963.0,002233
498,2012-02-08,8.517,8.844,8.879,8.393,151178.0,002233
499,2012-02-09,8.844,8.906,9.1,8.782,202887.0,002233
500,2012-02-10,8.853,8.976,9.277,8.835,221273.0,002233
501,2012-02-13,8.755,8.87,8.976,8.641,158600.0,002233
502,2012-02-14,8.835,8.994,8.994,8.747,123003.0,002233
503,2012-02-15,8.959,9.091,9.144,8.888,158801.0,002233
504,2012-02-16,9.074,9.012,9.224,8.923,128903.0,002233
505,2012-02-17,9.029,8.897,9.091,8.844,86233.0,002233
506,2012-02-20,9.02,8.932,9.18,8.932,145083.0,002233
507,2012-02-21,8.897,9.003,9.091,8.844,127515.0,002233
508,2012-02-22,9.012,9.162,9.188,8.932,190694.0,002233
509,2012-02-23,9.144,9.1,9.206,8.994,169555.0,002233
510,2012-02-24,9.1,10.01,10.01,8.976,696867.0,002233
511,2012-02-27,9.992,9.957,10.16,9.851,523941.0,002233
512,2012-02-28,9.93,9.984,10.054,9.763,259767.0,002233
513,2012-02-29,9.86,9.542,9.895,9.453,224627.0,002233
514,2012-03-01,9.498,9.586,9.71,9.462,105258.0,002233
515,2012-03-02,9.71,9.895,10.01,9.586,217696.0,002233
516,2012-03-05,9.966,9.789,10.063,9.745,184889.0,002233
517,2012-03-06,9.718,9.533,9.718,9.418,151629.0,002233
518,2012-03-07,9.4,9.453,9.657,9.303,99726.0,002233
519,2012-03-08,9.515,9.551,9.63,9.445,101467.0,002233
520,2012-03-09,9.595,9.674,9.701,9.471,130320.0,002233
521,2012-03-12,9.718,9.612,9.754,9.506,109206.0,002233
522,2012-03-13,9.63,9.886,9.886,9.586,223832.0,002233
523,2012-03-14,9.895,9.171,9.966,8.985,291359.0,002233
524,2012-03-15,9.1,8.685,9.206,8.261,199336.0,002233
525,2012-03-16,8.667,8.826,8.844,8.508,125038.0,002233
526,2012-03-19,8.835,9.038,9.091,8.658,133913.0,002233
527,2012-03-20,8.923,8.773,8.95,8.764,89868.0,002233
528,2012-03-21,8.791,8.755,8.932,8.658,76014.0,002233
529,2012-03-22,8.755,8.8,8.897,8.747,70750.0,002233
530,2012-03-23,8.808,8.473,8.808,8.402,82241.0,002233
531,2012-03-26,8.499,8.376,8.561,8.287,49893.0,002233
532,2012-03-27,8.437,8.482,8.561,8.393,61107.0,002233
533,2012-03-28,8.482,8.013,8.482,7.863,76988.0,002233
534,2012-03-29,8.013,7.996,8.146,7.863,66647.0,002233
535,2012-03-30,7.996,7.907,8.075,7.757,62267.0,002233
536,2012-04-05,7.943,8.358,8.429,7.881,133762.0,002233
537,2012-04-06,8.278,8.305,8.42,8.111,101415.0,002233
538,2012-04-09,8.261,8.376,8.8,8.164,145257.0,002233
539,2012-04-10,8.296,8.543,8.552,8.172,98120.0,002233
540,2012-04-11,8.393,8.808,8.897,8.331,216905.0,002233
541,2012-04-12,8.817,8.879,8.967,8.57,206111.0,002233
542,2012-04-13,8.844,9.047,9.135,8.755,221539.0,002233
543,2012-04-16,8.879,8.906,8.994,8.747,126658.0,002233
544,2012-04-17,8.879,8.57,8.941,8.552,116060.0,002233
545,2012-04-19,8.747,8.614,8.835,8.614,164427.0,002233
546,2012-04-20,8.614,8.694,8.764,8.543,109486.0,002233
547,2012-04-23,8.72,9.02,9.33,8.694,259972.0,002233
548,2012-04-24,8.923,9.056,9.18,8.57,198501.0,002233
549,2012-04-25,9.029,9.259,9.259,8.95,219234.0,002233
550,2012-04-26,9.404,9.097,9.404,9.079,176997.0,002233
551,2012-04-27,9.07,8.952,9.151,8.862,124929.0,002233
552,2012-05-02,9.034,8.988,9.115,8.844,129847.0,002233
553,2012-05-03,8.979,8.943,9.034,8.871,84632.0,002233
554,2012-05-04,8.952,8.979,9.052,8.916,73008.0,002233
555,2012-05-07,8.934,8.781,8.961,8.673,132281.0,002233
556,2012-05-08,8.772,8.79,8.871,8.736,81194.0,002233
557,2012-05-09,8.754,8.492,8.754,8.492,99925.0,002233
558,2012-05-10,8.483,8.465,8.564,8.393,66323.0,002233
559,2012-05-11,8.465,8.546,8.618,8.447,60967.0,002233
560,2012-05-14,8.718,8.709,8.898,8.627,129567.0,002233
561,2012-05-15,8.573,8.636,8.663,8.456,63134.0,002233
562,2012-05-16,8.645,8.465,8.645,8.456,48978.0,002233
563,2012-05-17,8.456,8.627,8.654,8.393,61945.0,002233
564,2012-05-18,8.501,8.321,8.555,8.321,68049.0,002233
565,2012-05-22,8.366,8.745,9.079,8.366,166928.0,002233
566,2012-05-23,8.609,9.006,9.024,8.582,264070.0,002233
567,2012-05-24,8.979,8.943,9.205,8.88,241388.0,002233
568,2012-05-25,8.88,9.277,9.512,8.871,418211.0,002233
569,2012-05-28,9.25,10.207,10.207,9.142,718295.0,002233
570,2012-05-29,10.523,10.189,10.685,9.999,677048.0,002233
571,2012-05-30,10.017,10.234,10.351,9.882,400135.0,002233
572,2012-05-31,10.089,10.107,10.252,10.044,217911.0,002233
573,2012-06-01,10.08,9.746,10.18,9.719,265551.0,002233
574,2012-06-04,9.431,9.295,9.629,9.295,229423.0,002233
575,2012-06-05,9.304,9.223,9.367,9.169,135837.0,002233
576,2012-06-06,9.286,9.385,9.548,9.187,195764.0,002233
577,2012-06-07,9.467,9.367,9.593,9.295,186542.0,002233
578,2012-06-08,9.521,8.925,9.521,8.907,194326.0,002233
579,2012-06-11,8.916,9.196,9.295,8.654,172994.0,002233
580,2012-06-12,9.034,9.079,9.313,8.997,111074.0,002233
581,2012-06-13,9.115,9.214,9.313,9.006,109523.0,002233
582,2012-06-14,9.187,9.015,9.304,9.006,106705.0,002233
583,2012-06-15,9.024,8.898,9.133,8.754,107861.0,002233
584,2012-06-18,8.97,9.106,9.196,8.97,103964.0,002233
585,2012-06-19,9.079,8.97,9.097,8.943,69662.0,002233
586,2012-06-20,8.907,8.889,9.061,8.853,68816.0,002233
587,2012-06-21,8.844,8.844,8.889,8.718,61907.0,002233
588,2012-06-25,8.799,8.411,8.916,8.348,107869.0,002233
589,2012-06-26,8.366,8.339,8.483,8.203,73602.0,002233
590,2012-06-27,8.348,8.239,8.474,8.221,73255.0,002233
591,2012-06-28,8.284,8.257,8.438,8.212,74901.0,002233
592,2012-06-29,8.176,8.339,8.366,8.14,54685.0,002233
593,2012-07-02,8.393,8.348,8.438,8.303,57569.0,002233
594,2012-07-03,8.348,8.339,8.447,8.284,59255.0,002233
595,2012-07-04,8.321,8.158,8.375,8.113,80074.0,002233
596,2012-07-05,8.14,7.761,8.14,7.752,84557.0,002233
597,2012-07-06,7.833,7.96,8.005,7.77,66649.0,002233
598,2012-07-09,7.896,7.59,7.896,7.581,64763.0,002233
599,2012-07-10,7.59,7.626,7.698,7.535,38411.0,002233
600,2012-07-11,7.662,7.996,8.167,7.626,136565.0,002233
601,2012-07-12,7.923,7.951,8.059,7.743,92559.0,002233
602,2012-07-13,7.896,7.978,8.167,7.851,99841.0,002233
603,2012-07-16,7.987,7.68,7.987,7.68,60253.0,002233
604,2012-07-17,7.617,7.806,7.833,7.581,43096.0,002233
605,2012-07-18,7.797,7.833,7.878,7.617,42455.0,002233
606,2012-07-19,7.833,7.96,8.104,7.77,82247.0,002233
607,2012-07-20,7.896,7.779,7.905,7.77,48099.0,002233
608,2012-07-23,7.689,7.743,7.815,7.644,31256.0,002233
609,2012-07-24,7.707,7.833,7.869,7.698,32803.0,002233
610,2012-07-25,7.788,7.698,7.797,7.671,30561.0,002233
611,2012-07-26,7.752,7.653,7.806,7.644,32863.0,002233
612,2012-07-27,7.671,7.68,7.779,7.626,28026.0,002233
613,2012-07-30,7.689,7.698,7.833,7.635,36068.0,002233
614,2012-07-31,7.689,7.238,7.698,7.084,71728.0,002233
615,2012-08-01,7.238,7.508,7.833,7.22,71130.0,002233
616,2012-08-02,7.454,7.31,7.563,7.256,53086.0,002233
617,2012-08-03,7.382,7.409,7.445,7.292,34991.0,002233
618,2012-08-06,7.364,7.617,7.68,7.292,71811.0,002233
619,2012-08-07,7.572,7.617,7.644,7.535,56553.0,002233
620,2012-08-08,7.617,7.752,7.815,7.599,87230.0,002233
621,2012-08-09,7.743,7.806,7.842,7.662,64985.0,002233
622,2012-08-10,7.77,7.707,7.788,7.644,50811.0,002233
623,2012-08-13,7.68,7.391,7.68,7.373,67086.0,002233
624,2012-08-14,7.355,7.427,7.445,7.247,56580.0,002233
625,2012-08-15,7.4,7.364,7.481,7.301,39142.0,002233
626,2012-08-16,7.328,7.355,7.4,7.31,24975.0,002233
627,2012-08-17,7.328,7.328,7.364,7.274,24476.0,002233
628,2012-08-20,7.283,7.229,7.301,7.202,54509.0,002233
629,2012-08-21,7.22,7.301,7.373,7.202,45566.0,002233
630,2012-08-22,7.274,7.193,7.328,7.183,39086.0,002233
631,2012-08-23,7.211,7.229,7.265,7.183,34565.0,002233
632,2012-08-24,7.238,7.129,7.301,7.084,42658.0,002233
633,2012-08-27,7.084,6.931,7.174,6.931,39454.0,002233
634,2012-08-28,6.922,6.976,7.03,6.877,30996.0,002233
635,2012-08-29,6.94,6.786,6.994,6.768,37031.0,002233
636,2012-08-30,6.786,6.534,6.841,6.425,51412.0,002233
637,2012-08-31,6.507,6.552,6.615,6.507,20550.0,002233
638,2012-09-03,6.525,6.669,6.741,6.471,35562.0,002233
639,2012-09-04,6.669,6.48,6.669,6.471,37262.0,002233
640,2012-09-05,6.434,6.48,6.57,6.434,22675.0,002233
641,2012-09-06,6.57,6.561,6.651,6.525,32986.0,002233
642,2012-09-07,6.859,7.22,7.22,6.859,193897.0,002233
643,2012-09-10,7.942,7.86,7.942,7.725,472918.0,002233
644,2012-09-11,7.635,7.508,7.734,7.418,277062.0,002233
645,2012-09-12,7.662,7.716,7.806,7.409,293344.0,002233
646,2012-09-13,7.608,7.373,7.608,7.364,149823.0,002233
647,2012-09-14,7.436,7.508,7.653,7.382,166994.0,002233
648,2012-09-17,7.481,7.283,7.481,7.238,90606.0,002233
649,2012-09-18,7.229,7.292,7.382,7.165,66568.0,002233
650,2012-09-19,7.31,7.346,7.409,7.274,53409.0,002233
651,2012-09-20,7.346,7.138,7.409,7.138,80309.0,002233
652,2012-09-21,7.066,6.958,7.256,6.904,70294.0,002233
653,2012-09-24,6.859,7.274,7.436,6.75,144944.0,002233
654,2012-09-25,7.22,7.247,7.526,7.156,111541.0,002233
655,2012-09-26,7.211,7.012,7.238,6.958,71318.0,002233
656,2012-09-27,7.012,7.265,7.364,6.967,90842.0,002233
657,2012-09-28,7.229,7.391,7.427,7.202,103500.0,002233
658,2012-10-08,7.391,7.301,7.49,7.274,55351.0,002233
659,2012-10-09,7.328,7.526,7.626,7.319,119161.0,002233
660,2012-10-10,7.481,7.499,7.544,7.4,75171.0,002233
661,2012-10-11,7.526,7.418,7.743,7.4,100542.0,002233
662,2012-10-12,7.373,7.328,7.526,7.22,66483.0,002233
663,2012-10-15,7.355,7.337,7.382,7.247,28437.0,002233
664,2012-10-16,7.364,7.463,7.481,7.319,60860.0,002233
665,2012-10-17,7.463,7.427,7.481,7.31,44420.0,002233
666,2012-10-18,7.472,7.581,7.635,7.409,119561.0,002233
667,2012-10-19,7.581,7.617,7.797,7.544,130025.0,002233
668,2012-10-22,7.581,7.563,7.635,7.445,67238.0,002233
669,2012-10-23,7.544,7.4,7.563,7.391,64197.0,002233
670,2012-10-24,7.319,7.418,7.644,7.319,82109.0,002233
671,2012-10-25,7.382,7.31,7.49,7.31,50658.0,002233
672,2012-10-26,7.346,7.057,7.409,6.994,76872.0,002233
673,2012-10-29,7.039,7.066,7.174,7.03,28579.0,002233
674,2012-10-30,7.066,7.039,7.129,6.994,28934.0,002233
675,2012-10-31,7.102,7.102,7.102,7.003,23633.0,002233
676,2012-11-01,7.147,7.382,7.481,7.066,91457.0,002233
677,2012-11-02,7.382,7.427,7.463,7.283,69405.0,002233
678,2012-11-05,7.427,7.463,7.508,7.337,69117.0,002233
679,2012-11-06,7.427,7.292,7.445,7.129,67780.0,002233
680,2012-11-07,7.292,7.256,7.346,7.229,31965.0,002233
681,2012-11-08,7.211,7.039,7.211,7.039,41972.0,002233
682,2012-11-09,7.003,7.102,7.174,6.976,39263.0,002233
683,2012-11-12,7.102,7.057,7.183,6.949,33980.0,002233
684,2012-11-13,7.075,6.877,7.111,6.877,29294.0,002233
685,2012-11-14,6.859,6.868,6.931,6.678,31869.0,002233
686,2012-11-15,6.813,7.012,7.445,6.768,86447.0,002233
687,2012-11-16,6.913,7.03,7.111,6.841,48413.0,002233
688,2012-11-19,7.03,7.102,7.193,6.931,49888.0,002233
689,2012-11-20,7.129,6.922,7.165,6.922,48669.0,002233
690,2012-11-21,6.922,6.976,7.012,6.741,48904.0,002233
691,2012-11-22,6.922,6.804,6.922,6.795,29917.0,002233
692,2012-11-23,6.859,6.823,6.895,6.813,20731.0,002233
693,2012-11-26,6.823,6.741,6.859,6.732,17991.0,002233
694,2012-11-27,6.75,6.561,6.804,6.516,29683.0,002233
695,2012-11-28,6.543,6.344,6.561,6.326,36069.0,002233
696,2012-11-29,6.344,6.362,6.453,6.326,32074.0,002233
697,2012-11-30,6.579,6.696,6.985,6.552,111727.0,002233
698,2012-12-03,6.696,6.552,6.714,6.543,72493.0,002233
699,2012-12-04,6.471,6.669,6.696,6.407,62432.0,002233
700,2012-12-05,6.597,7.301,7.337,6.597,273242.0,002233
701,2012-12-06,7.211,7.093,7.283,7.039,189936.0,002233
702,2012-12-07,7.111,7.247,7.508,7.057,222362.0,002233
703,2012-12-10,7.229,7.337,7.418,7.22,142153.0,002233
704,2012-12-11,7.292,7.256,7.445,7.165,124556.0,002233
705,2012-12-12,7.247,7.274,7.328,7.138,104661.0,002233
706,2012-12-13,7.229,7.165,7.418,7.147,100920.0,002233
707,2012-12-14,7.138,7.508,7.553,7.138,251374.0,002233
708,2012-12-17,7.553,7.517,7.914,7.454,239618.0,002233
709,2012-12-18,7.418,7.572,7.752,7.319,226162.0,002233
710,2012-12-19,7.499,7.508,7.626,7.355,136024.0,002233
711,2012-12-20,7.427,7.508,7.626,7.355,131915.0,002233
712,2012-12-21,7.463,7.382,7.59,7.364,116243.0,002233
713,2012-12-24,7.382,7.418,7.481,7.319,73561.0,002233
714,2012-12-25,7.382,7.635,7.725,7.319,225276.0,002233
715,2012-12-26,7.59,7.608,7.68,7.517,144481.0,002233
716,2012-12-27,7.617,7.454,7.644,7.418,137683.0,002233
717,2012-12-28,7.454,7.481,7.535,7.382,100434.0,002233
718,2012-12-31,7.481,7.581,7.653,7.409,161738.0,002233
719,2013-01-04,7.635,7.49,7.662,7.4,125300.0,002233
720,2013-01-07,7.49,7.68,7.815,7.436,232943.0,002233
721,2013-01-08,7.689,7.671,7.725,7.553,143764.0,002233
722,2013-01-09,7.608,7.581,7.662,7.49,117367.0,002233
723,2013-01-10,7.626,7.617,7.653,7.535,95725.0,002233
724,2013-01-11,7.617,7.328,7.635,7.301,137553.0,002233
725,2013-01-14,7.328,7.499,7.553,7.292,123840.0,002233
726,2013-01-15,7.481,7.617,7.644,7.472,169181.0,002233
727,2013-01-16,7.617,7.49,7.617,7.355,132058.0,002233
728,2013-01-17,7.472,7.382,7.508,7.355,97631.0,002233
729,2013-01-18,7.427,7.535,7.544,7.364,113888.0,002233
730,2013-01-21,7.535,7.626,7.698,7.517,170986.0,002233
731,2013-01-22,7.599,7.644,7.797,7.563,238869.0,002233
732,2013-01-23,7.599,7.508,7.599,7.409,106703.0,002233
733,2013-01-24,7.49,7.391,7.653,7.31,140908.0,002233
734,2013-01-25,7.301,7.4,7.617,7.292,114368.0,002233
735,2013-01-28,7.391,7.743,7.824,7.382,280872.0,002233
736,2013-01-29,7.842,7.788,7.878,7.689,242863.0,002233
737,2013-01-30,7.833,7.77,7.951,7.653,165132.0,002233
738,2013-01-31,7.77,7.653,7.797,7.626,114205.0,002233
739,2013-02-01,7.644,7.869,7.942,7.581,213803.0,002233
740,2013-02-04,7.878,7.896,8.257,7.869,265787.0,002233
741,2013-02-05,7.833,7.987,7.996,7.743,141215.0,002233
742,2013-02-06,7.987,7.942,8.086,7.905,100749.0,002233
743,2013-02-07,7.933,8.014,8.059,7.824,107250.0,002233
744,2013-02-08,7.978,8.122,8.275,7.978,186406.0,002233
745,2013-02-18,8.212,8.104,8.248,8.068,141568.0,002233
746,2013-02-19,8.059,7.635,8.068,7.4,182406.0,002233
747,2013-02-20,7.617,7.689,7.689,7.472,104673.0,002233
748,2013-02-21,7.626,7.517,7.626,7.409,105273.0,002233
749,2013-02-22,7.49,7.445,7.563,7.418,63181.0,002233
750,2013-02-25,7.463,7.517,7.563,7.463,49466.0,002233
751,2013-02-26,7.472,7.346,7.535,7.328,94022.0,002233
752,2013-02-27,7.382,7.4,7.436,7.328,63305.0,002233
753,2013-02-28,7.454,7.553,7.581,7.355,105951.0,002233
754,2013-03-01,7.553,7.499,7.553,7.4,96521.0,002233
755,2013-03-04,7.382,6.868,7.382,6.795,151576.0,002233
756,2013-03-05,6.859,6.967,6.985,6.813,65181.0,002233
757,2013-03-06,6.985,7.021,7.03,6.967,67988.0,002233
758,2013-03-07,7.003,6.985,7.048,6.913,77811.0,002233
759,2013-03-08,6.985,6.967,7.03,6.949,43834.0,002233
760,2013-03-11,6.976,7.039,7.156,6.895,74609.0,002233
761,2013-03-12,6.976,7.012,7.111,6.904,79627.0,002233
762,2013-03-13,7.003,6.895,7.012,6.804,45438.0,002233
763,2013-03-14,6.886,6.94,6.994,6.859,43863.0,002233
764,2013-03-15,6.931,6.868,7.003,6.777,46086.0,002233
765,2013-03-18,6.913,6.768,6.94,6.759,41207.0,002233
766,2013-03-19,6.768,6.94,6.949,6.741,62332.0,002233
767,2013-03-20,6.949,7.075,7.093,6.913,98612.0,002233
768,2013-03-21,7.084,7.021,7.111,6.994,78642.0,002233
769,2013-03-22,7.03,7.084,7.174,7.003,108864.0,002233
770,2013-03-25,7.102,7.012,7.129,6.967,62333.0,002233
771,2013-03-26,7.021,6.904,7.039,6.832,67607.0,002233
772,2013-03-27,6.931,6.94,6.976,6.877,55744.0,002233
773,2013-03-28,6.904,6.705,6.904,6.633,55127.0,002233
774,2013-03-29,6.705,6.687,6.768,6.669,33307.0,002233
775,2013-04-01,6.732,6.732,6.795,6.687,28961.0,002233
776,2013-04-02,6.75,6.786,6.94,6.732,59578.0,002233
777,2013-04-03,6.813,6.823,6.85,6.705,43599.0,002233
778,2013-04-08,6.714,6.904,6.913,6.588,58115.0,002233
779,2013-04-09,6.913,6.922,7.012,6.859,73378.0,002233
780,2013-04-10,6.877,6.886,6.967,6.804,46177.0,002233
781,2013-04-11,6.985,7.012,7.03,6.85,81658.0,002233
782,2013-04-12,6.967,6.823,6.967,6.813,51213.0,002233
783,2013-04-15,6.823,6.985,7.012,6.786,87829.0,002233
784,2013-04-16,6.922,7.111,7.247,6.895,166455.0,002233
785,2013-04-17,7.093,7.048,7.111,6.967,83841.0,002233
786,2013-04-18,6.994,7.012,7.066,6.967,53903.0,002233
787,2013-04-19,7.039,7.084,7.147,7.012,98384.0,002233
788,2013-04-22,7.274,7.084,7.373,7.066,138740.0,002233
789,2013-04-23,7.057,6.777,7.057,6.777,94832.0,002233
790,2013-04-24,6.768,6.804,6.841,6.723,63812.0,002233
791,2013-04-25,6.813,6.768,6.813,6.669,51057.0,002233
792,2013-04-26,6.759,6.678,6.786,6.624,38984.0,002233
793,2013-05-02,6.651,6.696,6.741,6.633,23375.0,002233
794,2013-05-03,6.723,6.75,6.804,6.705,38248.0,002233
795,2013-05-06,6.768,6.813,6.813,6.741,44114.0,002233
796,2013-05-07,6.813,6.823,6.841,6.75,45501.0,002233
797,2013-05-08,6.832,6.777,6.877,6.759,42093.0,002233
798,2013-05-09,6.786,6.615,6.795,6.57,90791.0,002233
799,2013-05-10,6.651,6.688,6.688,6.587,44984.0,002233
800,2013-05-13,6.688,6.642,6.706,6.597,44387.0,002233
801,2013-05-14,6.642,6.578,6.66,6.551,47494.0,002233
802,2013-05-15,6.606,6.597,6.624,6.569,29731.0,002233
803,2013-05-16,6.606,6.679,6.697,6.551,59620.0,002233
804,2013-05-17,6.688,6.779,6.806,6.679,80309.0,002233
805,2013-05-20,6.843,6.806,6.861,6.77,84809.0,002233
806,2013-05-21,6.797,6.825,6.843,6.77,73958.0,002233
807,2013-05-22,6.834,6.998,7.199,6.779,217183.0,002233
808,2013-05-23,6.934,6.816,6.971,6.806,96340.0,002233
809,2013-05-24,6.779,6.889,6.907,6.77,66878.0,002233
810,2013-05-27,6.87,6.87,6.898,6.816,60432.0,002233
811,2013-05-28,6.87,6.962,6.962,6.87,93670.0,002233
812,2013-05-29,7.007,6.952,7.053,6.889,89341.0,002233
813,2013-05-30,6.934,6.852,6.934,6.825,68849.0,002233
814,2013-05-31,6.879,6.806,6.916,6.806,52158.0,002233
815,2013-06-03,6.806,6.889,6.998,6.806,81643.0,002233
816,2013-06-04,6.889,6.724,6.916,6.688,69331.0,002233
817,2013-06-05,6.724,6.724,6.752,6.679,48233.0,002233
818,2013-06-06,6.706,6.633,6.724,6.615,37261.0,002233
819,2013-06-07,6.67,6.533,6.688,6.496,40748.0,002233
820,2013-06-13,6.478,6.25,6.478,6.204,50172.0,002233
821,2013-06-14,6.277,6.277,6.332,6.241,25560.0,002233
822,2013-06-17,6.323,6.195,6.323,6.168,28405.0,002233
823,2013-06-18,6.177,6.204,6.241,6.177,22581.0,002233
824,2013-06-19,6.204,6.122,6.204,5.967,43867.0,002233
825,2013-06-20,6.095,5.921,6.131,5.921,34598.0,002233
826,2013-06-21,5.839,5.812,5.848,5.684,33116.0,002233
827,2013-06-24,5.748,5.283,5.775,5.237,54109.0,002233
828,2013-06-25,5.255,5.146,5.283,4.772,60121.0,002233
829,2013-06-26,5.137,5.219,5.292,5.064,37486.0,002233
830,2013-06-27,5.301,5.301,5.547,5.292,88507.0,002233
831,2013-06-28,5.301,5.31,5.429,5.155,46475.0,002233
832,2013-07-01,5.265,5.31,5.319,5.173,34339.0,002233
833,2013-07-02,5.292,5.301,5.31,5.201,37044.0,002233
834,2013-07-03,5.301,5.201,5.31,5.091,33272.0,002233
835,2013-07-04,5.119,5.246,5.319,5.119,39597.0,002233
836,2013-07-05,5.265,5.283,5.374,5.265,41813.0,002233
837,2013-07-08,5.228,4.982,5.246,4.982,39404.0,002233
838,2013-07-09,5.055,5.091,5.164,5.0,30944.0,002233
839,2013-07-10,5.091,5.201,5.201,5.027,46189.0,002233
840,2013-07-11,5.201,5.502,5.575,5.201,119311.0,002233
841,2013-07-12,5.493,5.338,5.493,5.338,64809.0,002233
842,2013-07-15,5.356,5.365,5.42,5.31,34006.0,002233
843,2013-07-16,5.383,5.42,5.429,5.319,35629.0,002233
844,2013-07-17,5.429,5.429,5.52,5.374,65579.0,002233
845,2013-07-18,5.429,5.237,5.456,5.219,47195.0,002233
846,2013-07-19,5.228,5.055,5.292,5.036,41814.0,002233
847,2013-07-22,5.046,5.109,5.109,4.954,21887.0,002233
848,2013-07-23,5.119,5.192,5.246,5.1,39876.0,002233
849,2013-07-24,5.228,5.137,5.228,5.091,32925.0,002233
850,2013-07-25,5.146,5.219,5.283,5.146,46771.0,002233
851,2013-07-26,5.192,5.374,5.411,5.146,87471.0,002233
852,2013-07-29,5.301,5.21,5.356,5.155,44326.0,002233
853,2013-07-30,5.228,5.338,5.411,5.137,63436.0,002233
854,2013-07-31, 
855,2013-08-01,
856,2013-08-02, 
857,2013-08-05, 
858,2013-08-06, 
859,2013-08-07, 
860,2013-08-08, 
861,2013-08-09, 
862,2013-08-12, 
863,2013-08-13, 
864,2013-08-14, 
865,2013-08-15, 
866,2013-08-16, 
867,2013-08-19, 
868,2013-08-20,
869,2013-08-21,
871,2013-08-23, 
872,2013-08-26, 
873,2013-08-27, 
874,2013-08-28, 
875,2013-08-29, 
876,2013-08-30, 
877,2013-09-02, 
878,2013-09-03, 
879,2013-09-04, 
880,2013-09-05, 
881,2013-09-06, 
882,2013-09-09, 
883,2013-09-10, 
884,2013-09-11, 
885,2013-09-12, 
886,2013-09-13, 
887,2013-09-16, 
888,2013-09-17,6.14,5.976,6.159,5.976,85339.0,002233
889,2013-09-18,5.985,6.195,6.241,5.949,147892.0,002233
890,2013-09-23,6.186,6.159,6.186,6.058,138928.0,002233
891,2013-09-24,6.159,6.086,6.159,6.022,66516.0,002233
892,2013-09-25,6.086,5.912,6.095,5.894,98774.0,002233
893,2013-09-26,5.967,5.748,5.985,5.748,62711.0,002233
894,2013-09-27,5.757,5.712,5.794,5.684,39913.0,002233
895,2013-09-30,5.748,5.73,5.785,5.712,31490.0,002233
896,2013-10-08,5.721,5.794,5.812,5.712,34254.0,002233
897,2013-10-09,5.785,5.821,5.83,5.757,35860.0,002233
898,2013-10-10,5.812,5.885,5.976,5.803,67091.0,002233
899,2013-10-11,5.976,5.94,6.013,5.894,80169.0,002233
900,2013-10-14,5.958,5.994,6.04,5.903,71326.0,002233
901,2013-10-15,5.994,5.967,6.031,5.903,54973.0,002233
902,2013-10-16,5.958,5.985,6.204,5.903,130979.0,002233
903,2013-10-17,5.985,5.885,6.122,5.885,71042.0,002233
904,2013-10-18,5.885,5.821,5.921,5.785,48514.0,002233
905,2013-10-21,5.858,5.903,5.912,5.803,43523.0,002233
906,2013-10-22,6.004,5.958,6.077,5.921,65652.0,002233
907,2013-10-23,5.967,5.931,6.049,5.848,68057.0,002233
908,2013-10-24,5.931,5.903,6.067,5.885,68459.0,002233
909,2013-10-25,5.903,5.73,5.921,5.702,60567.0,002233
910,2013-10-28,5.739,5.702,5.785,5.666,27789.0,002233
911,2013-10-29,5.702,5.611,5.794,5.502,52085.0,002233
912,2013-10-30,5.611,5.666,5.666,5.584,26194.0,002233
913,2013-10-31,5.794,5.739,5.894,5.73,63198.0,002233
914,2013-11-01,5.693,5.657,5.73,5.593,36405.0,002233
915,2013-11-04,5.657,5.858,6.013,5.611,78507.0,002233
916,2013-11-05,5.775,5.794,5.803,5.666,49806.0,002233
917,2013-11-06,5.794,5.785,5.839,5.757,49876.0,002233
918,2013-11-07,5.748,5.675,5.757,5.648,34378.0,002233
919,2013-11-08,5.639,5.611,5.666,5.611,22418.0,002233
920,2013-11-11,5.593,5.931,5.985,5.566,126832.0,002233
921,2013-11-12,5.931,5.958,6.013,5.839,121033.0,002233
922,2013-11-13,5.912,5.839,5.958,5.803,58818.0,002233
923,2013-11-14,5.839,5.812,5.876,5.693,64356.0,002233
924,2013-11-15,5.821,5.912,5.949,5.757,86330.0,002233
925,2013-11-18,5.912,6.031,6.04,5.894,134876.0,002233
926,2013-11-19,6.031,6.04,6.077,5.967,80582.0,002233
927,2013-11-20,6.04,6.04,6.058,5.949,77189.0,002233
928,2013-11-21,6.013,6.14,6.25,5.958,156964.0,002233
929,2013-11-22,6.131,6.122,6.195,6.049,105350.0,002233
930,2013-11-25,6.077,5.985,6.168,5.985,83480.0,002233
931,2013-11-26,5.994,5.949,6.022,5.912,49650.0,002233
932,2013-11-27,5.958,6.022,6.058,5.958,56179.0,002233
933,2013-11-28,6.04,6.159,6.259,6.004,187218.0,002233
934,2013-11-29,6.14,6.177,6.268,6.131,146784.0,002233
935,2013-12-02,6.14,5.94,6.204,5.894,126859.0,002233
936,2013-12-03,5.949,6.286,6.332,5.94,194990.0,002233
937,2013-12-04,6.378,6.296,6.487,6.277,247524.0,002233
938,2013-12-05,6.25,6.341,6.378,6.25,93198.0,002233
939,2013-12-06,6.341,6.25,6.35,6.204,67632.0,002233
940,2013-12-09,6.25,6.195,6.35,6.104,120105.0,002233
941,2013-12-10,6.195,6.25,6.35,6.113,97731.0,002233
942,2013-12-11,6.25,6.15,6.259,6.122,65136.0,002233
943,2013-12-12,6.14,6.14,6.177,6.077,44410.0,002233
944,2013-12-13,6.095,6.15,6.168,6.049,32626.0,002233
945,2013-12-16,6.168,5.994,6.213,5.985,57466.0,002233
946,2013-12-17,6.004,6.031,6.067,5.976,26668.0,002233
947,2013-12-18,6.022,6.022,6.067,5.985,19490.0,002233
948,2013-12-19,6.058,6.077,6.122,6.013,40354.0,002233
949,2013-12-20,6.077,5.903,6.113,5.885,53726.0,002233
950,2013-12-23,5.885,5.839,5.921,5.794,28710.0,002233
951,2013-12-24,5.848,5.885,5.912,5.821,24690.0,002233
952,2013-12-25,5.858,5.931,5.94,5.848,22014.0,002233
 
